0,annika
1,beatrice
2,elisabet
3,panagiot
4,alex
5,christop
6,angie
7,beata
8,efi
9,mariza
10,stav
11,unni
12,vwiersma
13,yoko
14,athan
15,jose
16,spengler
17,wouter
18,s0345201
19,s0341098
20,s0348129
21,s0344328
22,s0343559
23,s0345347
24,s0343820
25,s0343444
26,s0343879
27,s0348176
28,s0349395
29,s0345336
30,s0349492
31,s0339733
32,s0340681
33,s0231469
34,s0450918
35,s0450928
36,s0450990
37,s0453738
38,s0453767
39,s0454417
40,s0455511
41,s0560804
42,s0563087
43,s0565246
44,s0565563
45,s0565839
46,s0565890
47,s0568074
48,s0570475
49,s0672048
50,s0674876
51,s0676047
52,s0679432
53,s0680940
54,s0681481
55,s0784186
56,s0813426
57,s0815365
58,s0817052
59,s0836504
60,s1052161
61,s1052483
62,s1053080
63,s1054017
64,s1060613
65,s0830862
66,s0832212
67,s1053697
68,s1057505
69,s1125835
70,s1135029
71,s1151467
72,s1157551
73,s1158260
74,s0680304
75,s0906559
76,s0907414
77,s0938610
78,s1212703
79,s1219694
80,s1242643
81,s1244635
82,s1250520
83,s1255719
84,s1261038
85,s1261066
86,s1262348
87,s1262980
88,s1266300
89,s1266322
90,s1266927
91,s1025224
92,s1043206
93,s1106812
94,s1142034
95,s1153100
96,s1202144
97,s1210107
98,s1215573
99,s1218143
100,s1226443
101,s1232732
102,s1242775
103,s1244474
104,s1245523
105,s1247148
106,s1265676
107,s1333293
108,s1416663
109,s1428244
110,s1439222
111,s1440080
112,s1444169
113,s1449834
114,s1451388
115,s1458392
116,s1464908
117,s1466633
118,s1466724
119,s1466878
120,s1467926
121,s1468596
122,s1473254
123,s1474926
124,s1562085
125,s0838587
126,s1567647
127,s1566512
128,s1520582
129,s1562078
130,s1565865
131,s1533593
132,s1423284
133,s1556756
134,s1212806
135,s0907677
136,s1474784
137,s1119520
138,s1564218
139,s1572403
140,s1520337
141,s1574060
142,s1523985
143,s1551548
144,s1309783
145,s1571333
146,s1531259
147,s1204698
148,s1344727
149,s1473791
150,s1522072
151,s1566641
152,s1345679
153,s1206798
154,s1245738
155,s1247563
156,s1345717
157,s1248784
158,s1241360
159,s1364645
160,s1309426
161,s1326224
162,s1451606
163,s1674808
164,s1312747
165,s1674500
166,s1443906
167,s1685899
168,s1407470
169,s1617188
170,s1309096
171,s1351989
172,s1777805
173,s1702456
174,s1780755
175,s1719048
176,s1773886
177,s1747145
178,s1619123
179,s1763562
180,s1777015
181,s1776575
182,s1771379
183,s1718204
184,s1788803
185,s1240595
186,s1675924
187,s1770642
188,s1739009
189,s1444618
190,s1533260
191,s1785247
192,s1357269
193,s1789553
194,s1720613
195,s1779732
196,s1727834
197,s1718768
198,s1794269
199,s1524812
200,s1780852
201,s1789041
202,s1775528
203,s1515343
204,s1743971
205,s1313407
206,s1723289
207,s1778033
208,s1513071
209,s1777759
210,s1834065
211,s1873815
212,s1870525
213,s1878482
214,s1876797
215,s1834488
216,s1820672
217,s1821905
218,s1689291
219,s1878665
220,s1773321
221,s1689921
222,s1829150
223,s1513472
224,s1853296
225,s1444568
226,s1826182
227,s1879088
228,s1630726
229,s1834482
230,s1818420
231,s1682062
232,s1877776
233,s1856289
234,s1507425
235,s1832577
236,s1509520
237,s1451567
238,s1406597
239,s1879338
240,s1819956
241,s1613936
242,s1558410
243,s1604424
244,s1404518
245,s1531206
246,s1893594
247,s1605551
248,s1888630
249,s1888955
250,s1457828
251,s1879517
252,s1630045
253,s1512295
254,s1452790
255,s1470269
256,s1647760
257,s1681906
258,s1995221
259,s1621503
260,s2002376
261,s1740779
262,s1940451
263,s1941395
264,s1916940
265,s1891340
266,s0343009
267,s1511198
268,s1784888
269,s1826151
270,s1878472
271,s1933640
272,s1988523
273,s2000148
274,s1983587
275,s1994964
276,s1904181
277,s1935621
278,s1939017
279,s1960659
280,s1764494
281,s1735938
282,s1983839
283,s1559575
284,s1983536
285,s1872685
286,s1999298
